dataset_file,error,label_column,n_rows,n_columns_total,n_features_raw,n_rows_used_after_cleaning,n_features_used_after_encoding,n_classes,majority_class_fraction,is_binary,pymfe_groups_used,pycol_F1,pycol_F1v,pycol_F2,pycol_F3,pycol_F4,pycol_input_noise,pycol_R_value,pycol_deg_overlap,pycol_N3,pycol_SI,pycol_N4,pycol_kDN,pycol_D3_value,pycol_CM,pycol_N1,pycol_T1,pycol_Clust,pycol_ONB,pycol_LSC,pycol_DBC,pycol_N2,pycol_NSG,pycol_ICSV,pycol_MRCA,pycol_C1,pycol_C2,pycol_purity,pycol_neighbourhood_separability,pycol_borderline,dataset_name,parallel_cli_version,source,missing_values,n_rows_original,n_columns_original,n_rows_used,n_features_after_encoding,n_jobs,pycol_metrics_preset,pycol_matrix_mode,pycol_skip_distance_matrix,pycol_distance_matrix_skipped,pycol_sequential_large_n,pycol_heom_parallel
corral.csv,,target,160.0,7.0,6.0,160.0,6.0,2,0.5625,True,,0.7643511117570118,0.1307173320423133,1.0,1.0,1.0,0.0,0.1270833333333333,0.325,0.05,0.95,0.09375,0.1287499999999999,8.5,0.10625,0.23125,0.4,0.275,0.0492063492063492,0.966484375,0.625,0.1248152011825917,20.0,1.7543026418249816,,0.0949166666666666,0.3253333333333333,0.0976472737667069,0.0281097150442125,0.2125,,,,,,,,,,,,,,,
analcatdata_fraud.csv,,target,42.0,12.0,11.0,42.0,11.0,2,0.6904761904761905,True,,0.9079047755215588,0.2048971911668043,0.2857142984867096,0.8809523809523809,0.8809523809523809,0.0281385281385281,0.5524820007578628,0.7857142857142857,0.4047619047619047,0.5952380952380952,0.1428571428571428,0.3714285714285714,6.0,0.2857142857142857,0.4523809523809524,1.0,0.4047619047619047,0.3554376657824933,0.9172335600907028,0.8333333333333334,0.4810157230616957,3.5,99.80324993912252,,0.3869841269841269,1.0,0.1094087102702799,0.0416476593670628,0.3333333333333333,,,,,,,,,,,,,,,
parity5.csv,,target,32.0,6.0,5.0,32.0,5.0,2,0.5,True,,1.0,,1.0,1.0,1.0,0.0,1.0,1.0,1.0,0.0,0.375,1.0,16.0,1.0,1.0,1.0,1.0,1.0,0.96875,1.0,0.585786437626905,1.0,0.0,,1.0,1.0,0.0919033176455756,0.0352559423081903,0.0,,,,,,,,,,,,,,,
analcatdata_bankruptcy.csv,,target,50.0,7.0,6.0,50.0,6.0,2,0.5,True,,0.7666618306977361,0.1835088155689804,0.0009027806729922,0.38,0.0,0.6866666666666666,0.2,0.62,0.1,0.9,0.16,0.2760000000000001,5.0,0.2,0.3,0.96,0.24,0.24,0.9104,0.8333333333333334,0.4009107440835726,4.166666666666667,41578.26310075776,0.1698346999746268,0.2115333333333333,0.4420133090981903,0.1137893336847828,0.0280520788110298,0.36,,,,,,,,,,,,,,,
analcatdata_japansolvent.csv,,target,52.0,10.0,9.0,52.0,9.0,2,0.5192307692307693,True,,0.7502698678430928,0.1437122606746382,0.0001081682871432,0.5576923076923077,0.0,0.8141025641025641,0.3234188034188034,0.7307692307692307,0.3076923076923077,0.6923076923076923,0.1538461538461538,0.3307692307692308,8.0,0.3076923076923077,0.4423076923076923,1.0,0.3461538461538461,0.3511111111111111,0.9108727810650888,0.9444444444444444,0.4475207102428738,2.888888888888889,3490420079.118254,0.2334409429509037,0.3225641025641025,0.5294707512969563,0.1349530787004351,0.0314274428023402,0.2307692307692307,,,,,,,,,,,,,,,
analcatdata_aids.csv,,target,50.0,5.0,4.0,50.0,4.0,2,0.5,True,,0.9356883573255464,0.5405514015335837,0.1833684995101279,0.76,0.66,0.73,0.6599999999999999,1.0,0.82,0.18,0.22,0.5359999999999999,16.5,0.66,0.86,1.0,0.82,0.8200000000000001,0.9736,1.0,0.6765059819213259,1.2195121951219512,1289317194010.3162,0.1661194063561884,0.6041999999999998,0.7261932478187003,0.1483015685747928,0.0199092504041791,0.9,,,,,,,,,,,,,,,
glass2.csv,,target,163.0,10.0,9.0,163.0,9.0,2,0.5337423312883436,True,,0.9370818041272304,0.3935421903406099,0.0011692069947453,0.9079754601226994,0.6134969325153374,0.776414451261077,0.2489394631066772,0.5337423312883436,0.2269938650306748,0.7730061349693251,0.2269938650306748,0.2490797546012269,19.5,0.2392638036809816,0.3496932515337423,0.9877300613496932,0.294478527607362,0.29340592861464,0.9560389928111708,0.7659574468085106,0.3739100143800197,3.4680851063829787,569288978531.6473,0.1864458326390029,0.2327402862985684,0.3683917338541261,0.1426045650328488,0.0284601571834931,0.2699386503067484,,,,,,,,,,,,,,,
labor.csv,,target,57.0,17.0,16.0,57.0,16.0,2,0.6491228070175439,True,,0.8502447155953181,0.0805242223113145,0.0244008715733924,0.7543859649122807,0.0,0.4144736842105263,0.2935751541014699,0.6140350877192983,0.0526315789473684,0.9473684210526316,0.087719298245614,0.2807017543859649,7.0,0.2456140350877192,0.3157894736842105,1.0,0.2807017543859649,0.2466216216216216,0.9135118497999384,0.3571428571428571,0.4091079111040031,4.071428571428571,172895.34454150248,,0.2008771929824561,0.906965212028859,0.1056081971283665,0.0423667138829996,0.4210526315789473,,,,,,,,,,,,,,,
analcatdata_asbestos.csv,,target,83.0,4.0,3.0,83.0,3.0,2,0.5542168674698795,True,,0.6264648455592131,0.2665447027152852,0.885185182094574,0.9879518072289156,0.9879518072289156,0.321285140562249,0.2713674911160506,0.6144578313253012,0.2289156626506024,0.7710843373493976,0.2289156626506024,0.2915662650602409,11.0,0.2650602409638554,0.4578313253012048,0.3855421686746988,0.3493975903614458,0.3169800235017626,0.9403396719407752,0.9615384615384616,0.3099057802083018,3.1923076923076925,,0.2313602368143771,0.2717670682730924,0.3200371377575929,0.1076936431177629,0.0236739498889606,0.2771084337349397,,,,,,,,,,,,,,,
lupus.csv,,target,87.0,4.0,3.0,87.0,3.0,2,0.5977011494252874,True,,0.8069594192589361,0.2962625297461724,0.5828008861540509,0.7011494252873564,0.6781609195402298,0.6743295019157088,0.3257862826828344,0.7931034482758621,0.2988505747126437,0.7011494252873564,0.2988505747126437,0.3494252873563218,12.0,0.2758620689655172,0.4942528735632184,0.7816091954022989,0.4597701149425287,0.4637362637362637,0.960628880961818,0.9487179487179488,0.3502855776693132,2.230769230769231,,0.271078929080045,0.3377011494252873,0.4052290694775386,0.1224245999348463,0.0230987494909736,0.3103448275862069,,,,,,,,,,,,,,,
appendicitis.csv,,target,106.0,8.0,7.0,106.0,7.0,2,0.8018867924528302,True,,0.6329670596457904,0.2134958490099379,0.0446421027042825,0.7075471698113207,0.2641509433962264,0.862533692722372,0.3553194862850801,0.4622641509433962,0.1981132075471698,0.8018867924528302,0.1698113207547169,0.1981132075471698,7.0,0.1320754716981132,0.2924528301886792,0.981132075471698,0.2452830188679245,0.3204481792717086,0.9114453542185832,0.9583333333333334,0.389783381520592,4.416666666666667,2881034.2707703584,0.2467604430755184,0.1922955974842767,0.3388963289975819,0.0821092452895037,0.023484371465456,0.1132075471698113,,,,,,,,,,,,,,,
hepatitis.csv,,target,155.0,20.0,19.0,155.0,19.0,2,0.7935483870967742,True,,0.8469042424636846,0.1620716493826095,0.0,0.8258064516129032,0.567741935483871,0.5008488964346349,0.4845971020194072,0.4580645161290322,0.1806451612903225,0.8193548387096774,0.0580645161290322,0.1999999999999999,13.5,0.1741935483870967,0.2709677419354839,1.0,0.2645161290322581,0.3706808943089431,0.9391883454734652,0.775,0.4298231636247311,3.875,2522851310.6007595,0.0274287184009406,0.1877419354838709,0.8335074970025028,0.098720320939158,0.0407266602720499,0.1806451612903225,,,,,,,,,,,,,,,
mux6.csv,,target,128.0,7.0,6.0,128.0,6.0,2,0.5,True,,0.9215686274509804,0.4324324324324324,1.0,1.0,1.0,0.0,0.046875,0.921875,0.0,1.0,0.15625,0.2812499999999999,3.0,0.046875,0.421875,0.5,0.5,0.125,0.984375,0.9375,0.0,8.0,0.774036826396788,,0.1861979166666666,0.5433333333333333,0.0919033176455756,0.0270691332397083,0.4375,,,,,,,,,,,,,,,
analcatdata_cyyoung9302.csv,,target,92.0,11.0,10.0,92.0,10.0,2,0.7934782608695652,True,,0.6925187909046744,0.1629137840031941,0.0882381421759593,0.7065217391304348,0.25,0.5782608695652174,0.4289363969781511,0.5434782608695652,0.1739130434782608,0.8260869565217391,0.1195652173913043,0.2086956521739131,7.0,0.1521739130434782,0.2934782608695652,1.0,0.2717391304347826,0.4242970439798125,0.8974480151228733,0.8,0.3544456955201078,3.68,3846275.38024828,0.1129333392591812,0.1935507246376811,0.4863085180251189,0.0927542732440065,0.0358214773166601,0.1304347826086956,,,,,,,,,,,,,,,
postoperative_patient_data.csv,,target,88.0,9.0,8.0,88.0,8.0,2,0.7272727272727273,True,,0.9834052324810384,0.7566841309497381,0.375,0.9772727272727272,0.9659090909090908,0.2585227272727273,0.7528409090909092,0.9318181818181818,0.4545454545454545,0.5454545454545454,0.2727272727272727,0.4409090909090908,15.0,0.3409090909090909,0.6022727272727273,0.7613636363636364,0.6477272727272727,0.6588541666666667,0.9770144628099172,0.9130434782608696,0.4872168991698621,1.9130434782608696,,0.1752974560844931,0.4398863636363636,0.7155964991791526,0.1022424397212571,0.0304685591362019,0.3863636363636363,,,,,,,,,,,,,,,
analcatdata_creditscore.csv,,target,100.0,7.0,6.0,100.0,6.0,2,0.73,True,,0.8705913778960012,0.273747792154576,0.0,0.28,0.0,0.3283333333333333,0.5862709284627092,0.58,0.19,0.81,0.12,0.2739999999999999,13.0,0.26,0.34,0.97,0.26,0.341451040081177,0.933,0.7307692307692307,0.3960705927472163,3.8461538461538463,38854395.445558175,0.2412523039169669,0.2418,0.3693773534277686,0.0929035585568971,0.0305168634837447,0.27,,,,,,,,,,,,,,,
analcatdata_cyyoung8092.csv,,target,97.0,11.0,10.0,97.0,10.0,2,0.7525773195876289,True,,0.7522729170572985,0.2017091612910411,0.0375752361742742,0.5876288659793815,0.2268041237113402,0.5927835051546392,0.7135880054606224,0.6288659793814433,0.2886597938144329,0.711340206185567,0.1546391752577319,0.3113402061855669,14.5,0.2989690721649484,0.4432989690721649,0.9896907216494846,0.3917525773195876,0.5539383561643836,0.9369752364757148,0.7631578947368421,0.4185585902607712,2.5526315789473686,104647158.56722344,0.130035700107838,0.3047079037800687,0.5569300684490415,0.0965849347270217,0.0327806288059076,0.3195876288659793,,,,,,,,,,,,,,,
analcatdata_boxing1.csv,,target,120.0,4.0,3.0,120.0,3.0,2,0.65,True,,0.936063256774142,0.6750047564035454,0.7272727489471436,0.75,0.75,0.4972222222222222,0.3703296703296703,0.9,0.3416666666666667,0.6583333333333333,0.35,0.4066666666666665,18.0,0.3,0.5916666666666667,0.8,0.425,0.3791208791208791,0.9780555555555556,0.9285714285714286,0.4498169680350478,2.857142857142857,3.826576492523017,0.2986025370503724,0.3629999999999999,0.4288731793093668,0.0919282459048264,0.0221539816425945,0.525,,,,,,,,,,,,,,,
analcatdata_boxing2.csv,,target,132.0,4.0,3.0,132.0,3.0,2,0.5378787878787878,True,,0.928075933664536,0.6526721978546581,1.0,1.0,1.0,0.5505050505050505,0.3774882279269257,0.9090909090909092,0.5,0.5,0.3257575757575757,0.415151515151515,23.5,0.3560606060606061,0.696969696969697,0.8863636363636364,0.5227272727272727,0.4935349803740475,0.9828971533516988,0.9846153846153848,0.4820809288957381,2.0307692307692307,2.7240603714477203,0.3050364010501225,0.4426262626262626,0.5023596338917816,0.1517661184372197,0.0206054291992652,0.4393939393939394,,,,,,,,,,,,,,,
prnn_crabs.csv,,target,200.0,8.0,7.0,200.0,7.0,2,0.5,True,,0.849939001877351,0.0194907248124031,0.383666191217507,0.92,0.605,0.8164285714285714,0.045,0.265,0.03,0.97,0.145,0.096,4.5,0.045,0.095,1.0,0.17,0.165,0.948175,0.8484848484848485,0.2324937495225387,6.0606060606060606,34269.295598915414,0.202995081103906,0.0598666666666666,0.1316839667529899,0.124318720134145,0.0284684874747558,0.12,,,,,,,,,,,,,,,
haberman.csv,,target,306.0,4.0,3.0,306.0,3.0,2,0.7352941176470589,True,,0.9438539090282856,0.6654076871256419,0.7177068267574498,0.9705882352941176,0.9673202614379084,0.7843137254901961,0.6490486564996368,0.7222222222222222,0.3529411764705882,0.6470588235294118,0.2712418300653594,0.3483660130718954,47.5,0.3104575163398693,0.5359477124183006,0.8627450980392157,0.4477124183006536,0.5316049382716049,0.9859028578751762,0.9302325581395348,0.4297312647255609,2.372093023255814,,0.3428091737972,0.3432026143790849,0.3836631751836746,0.0727322220729273,0.0286087352762821,0.2908496732026144,,,,,,,,,,,,,,,
prnn_synth.csv,,target,250.0,3.0,2.0,250.0,2.0,2,0.5,True,,0.5848731550130951,0.187465104897191,0.3003339529832711,0.756,0.632,0.766,0.1679999999999999,0.4,0.128,0.872,0.16,0.1847999999999999,21.0,0.168,0.224,0.916,0.192,0.192,0.933424,0.9583333333333334,0.2015283835291382,5.208333333333333,5730.140432547652,0.2491432115268423,0.1559599999999999,0.186442773042164,0.0917563873687044,0.026446026963751,0.192,,,,,,,,,,,,,,,
wine.csv,,class,178.0,14.0,13.0,178.0,13.0,3,0.398876404494382,False,,0.5362072257143591,0.0272747520618323,2.035426355208124e-05,0.244947209653092,0.0,0.4314318640161337,0.0200040995090705,0.1741573033707865,0.0505617977528089,0.949438202247191,0.0112359550561797,0.0651685393258427,3.0,0.0505617977528089,0.1179775280898876,1.0,0.1123595505617977,0.088470796530596,0.8592665067541977,0.4117647058823529,0.3649763863336721,10.470588235294118,520.4623010324259,0.0524995745733644,0.0532958801498127,0.4267371190518855,0.0986871283013698,0.0392531232275928,0.0561797752808988,,,,,,,,,,,,,,,
biomed.csv,,target,209.0,9.0,8.0,209.0,8.0,2,0.6411483253588517,True,,0.7736128057856685,0.1574667776434362,0.0014661937693304,0.6698564593301436,0.1004784688995215,0.7924641148325359,0.2180428003523054,0.4545454545454545,0.1052631578947368,0.8947368421052632,0.0909090909090909,0.1894736842105263,15.5,0.1483253588516746,0.2344497607655502,0.9952153110047848,0.2344497607655502,0.2295522388059701,0.9567088665552528,0.7777777777777778,0.3736209786777126,4.644444444444445,44818.9062587755,0.1413300643294774,0.1560765550239234,0.3905304658205188,0.1204063497054239,0.0260404660737419,0.1578947368421052,,,,,,,,,,,,,,,
analcatdata_lawsuit.csv,,target,264.0,5.0,4.0,264.0,4.0,2,0.928030303030303,True,,0.5051376191362029,0.138015257062189,0.1003695514059862,0.2651515151515151,0.0795454545454545,0.3323863636363636,0.2453935162581778,0.0984848484848484,0.0416666666666666,0.9583333333333334,0.0189393939393939,0.0424242424242424,4.5,0.034090909090909,0.0568181818181818,0.9090909090909092,0.053030303030303,0.1984962406015037,0.6693784435261708,0.7142857142857143,0.1128616650586944,18.857142857142858,8511.623634349085,0.1583581847133262,0.041060606060606,0.1195645071797815,0.0709525939422319,0.023560113523156,0.0719696969696969,,,,,,,,,,,,,,,
molecular_biology_promoters.csv,,target,106.0,58.0,57.0,106.0,57.0,2,0.5,True,,0.947093757533736,0.05061667485551,0.6666666567325592,0.8584905660377359,0.8584905660377359,0.4543197616683218,0.160377358490566,0.7641509433962265,0.2735849056603773,0.7264150943396226,0.0,0.2735849056603773,8.5,0.160377358490566,0.3773584905660377,1.0,0.3867924528301887,0.3773584905660377,0.9618191527233892,0.725,0.4820687337534514,2.65,1.1494692714614556e+21,,0.2671383647798742,1.0,0.0919033176455756,0.0426890305316841,0.3584905660377358,,,,,,,,,,,,,,,
backache.csv,,target,180.0,33.0,32.0,180.0,32.0,2,0.8611111111111112,True,,0.9464403165242372,0.1972227154334,0.0,0.8277777777777777,0.6111111111111112,0.2366319444444444,0.7613620071684588,0.4611111111111111,0.2166666666666666,0.7833333333333333,0.1277777777777777,0.1955555555555554,13.0,0.1444444444444444,0.3166666666666666,1.0,0.3055555555555556,0.52,0.884320987654321,0.8076923076923077,0.4261162870960305,3.4615384615384617,3.325128202053672e+24,,0.2013333333333333,0.848566444535435,0.0866012023194445,0.0431237845461449,0.1111111111111111,,,,,,,,,,,,,,,
processed.cleveland.csv,,class,303.0,14.0,13.0,303.0,20.0,5,0.5412541254125413,False,,0.8888504960475165,0.2182319780265578,0.0,2.750694127968166,0.46157621653567,0.1042079207920792,0.095059979534677,0.7194719471947195,0.4521452145214521,0.5478547854785478,0.297029702970297,0.466006600660066,31.0,0.5115511551155115,0.5676567656765676,1.0,0.5148514851485149,0.7285765995522093,0.979402890784128,0.967948717948718,0.4874396865297131,1.9423076923076923,4.597665995877502e+21,0.0827814137805506,0.4566776677667767,0.7568485557732695,0.1177303883077062,0.0337551121007815,0.2574257425742574,,,,,,,,,,,,,,,
spect.csv,,target,267.0,23.0,22.0,267.0,22.0,2,0.7940074906367042,True,,0.8347232713403779,0.2959239873538715,0.0,0.8576779026217228,0.7902621722846442,0.0,0.432400215853682,0.6292134831460674,0.2696629213483146,0.7303370786516854,0.2022471910112359,0.2711610486891386,28.5,0.2134831460674157,0.3258426966292135,0.7790262172284644,0.4606741573033708,0.2478559176672384,0.9741755390032124,0.9166666666666666,0.4396563814866156,5.5625,,0.2269469469469469,0.2773283395755306,0.9189762796504368,0.0917569738701963,0.038010946105818,0.3295880149812734,,,,,,,,,,,,,,,
breast_cancer.csv,,target,286.0,10.0,9.0,286.0,9.0,2,0.7027972027972028,True,,0.931968608401846,0.5364365817551126,0.6399999952316284,0.9965034965034965,0.993006993006993,0.4654234654234654,0.5008599536255374,0.7657342657342657,0.3006993006993007,0.6993006993006993,0.2832167832167832,0.3489510489510489,38.5,0.2692307692307692,0.451048951048951,0.8881118881118881,0.465034965034965,0.4877085162423178,0.9857939263533668,0.8512396694214877,0.4276812247136901,2.363636363636364,,0.2057413215445294,0.3325524475524475,0.5448873571305346,0.1158323454419566,0.0306675815821042,0.3321678321678322,,,,,,,,,,,,,,,
sonar.csv,,target,208.0,61.0,60.0,208.0,60.0,2,0.5336538461538461,True,,0.922448546394788,0.1328994231512822,1.0453393242502734e-06,0.9471153846153846,0.0,0.9692307692307692,0.1853549128033664,0.4615384615384615,0.125,0.875,0.110576923076923,0.2048076923076922,18.5,0.1778846153846154,0.2884615384615384,1.0,0.2644230769230769,0.2569889477105972,0.96641549556213,0.6538461538461539,0.425681715185708,4.0,1.0684935868274236e+48,0.0348324514991181,0.1690865384615384,0.879235659073166,0.0974732143870397,0.0417149837860184,0.2067307692307692,,,,,,,,,,,,,,,
bupa.csv,,target,345.0,6.0,5.0,345.0,5.0,2,0.5101449275362319,True,,0.941656018934268,0.7014233948857258,0.2869472504204579,0.9855072463768116,0.9478260869565216,0.9878260869565216,0.4513696587693244,0.9304347826086956,0.5130434782608696,0.4869565217391304,0.3420289855072463,0.4614492753623189,78.0,0.4521739130434782,0.6666666666666666,0.9855072463768116,0.5565217391304348,0.5562802582033352,0.9930686830497796,0.9010416666666666,0.4857582134321813,1.796875,672441.6531904939,0.2691161027015187,0.4756714975845411,0.5350485732219459,0.1468305801387686,0.0228337431454876,0.5681159420289855,,,,,,,,,,,,,,,
ionosphere.csv,,target,351.0,35.0,34.0,351.0,34.0,2,0.6410256410256411,True,,0.9161296379674848,0.1243855356177801,0.0,0.8091168091168092,0.0,0.7559912854030502,0.242002442002442,0.2991452991452991,0.131054131054131,0.8689458689458689,0.1396011396011396,0.1601139601139601,25.5,0.1452991452991453,0.2307692307692307,0.9715099715099716,0.2393162393162393,0.2969841269841269,0.9086939229389372,0.7777777777777778,0.3868173634112014,4.333333333333333,1.9157604706070427e+37,0.1246259313696694,0.1446058879392212,0.5689162526814953,0.1056222174442248,0.0402614267662501,0.0883190883190883,,,,,,,,,,,,,,,
saheart.csv,,target,462.0,10.0,9.0,462.0,9.0,2,0.6536796536796536,True,,0.8904999235012931,0.4239397002901329,0.3589539369768228,0.9502164502164502,0.9090909090909092,0.8186628186628186,0.4511938806226885,0.7640692640692641,0.354978354978355,0.645021645021645,0.2705627705627705,0.3649350649350651,75.0,0.3246753246753247,0.5,0.997835497835498,0.4393939393939394,0.4727442052980132,0.9897396975319052,0.896551724137931,0.4698798725846498,2.2758620689655173,14498392.04905624,0.2123348792053092,0.3551659451659452,0.5127740774235232,0.1186599937459257,0.0268629660193033,0.3939393939393939,,,,,,,,,,,,,,,
irish.csv,,target,500.0,6.0,5.0,500.0,5.0,2,0.556,True,,0.8572186380205983,0.3102497577238408,0.2799999908357858,0.556,0.0,0.5344,0.0350998768552725,0.1,0.026,0.974,0.14,0.044,9.0,0.036,0.07,0.872,0.076,0.0783265279668157,0.938372,0.6578947368421053,0.153489973323931,13.157894736842104,365.795656535318,0.1655703222054668,0.0367333333333333,0.1309294738797023,0.1209936803264827,0.0296513458207829,0.024,,,,,,,,,,,,,,,
threeOf9.csv,,target,512.0,10.0,9.0,512.0,9.0,2,0.53515625,True,,0.9034224999163692,0.2255575066541016,1.0,1.0,1.0,0.0,0.0485256260350855,0.68359375,0.201171875,0.798828125,0.17578125,0.2093750000000001,13.0,0.05078125,0.310546875,1.0,0.6484375,0.1344691161135987,0.9950599670410156,0.6521739130434783,0.484225527827503,7.420289855072464,89.60568285981283,,0.2049609375,1.0,0.09513429242074,0.04381890955297,0.30859375,,,,,,,,,,,,,,,
spectf.csv,,target,349.0,45.0,44.0,349.0,44.0,2,0.7277936962750716,True,,0.8580845716555511,0.2857393620351959,3.602688587345972e-19,0.7220630372492837,0.0,0.8712555352956499,0.2680915338003198,0.6361031518624641,0.1375358166189111,0.8624641833810889,0.0601719197707736,0.2991404011461316,39.0,0.2234957020057306,0.3954154727793696,0.7650429799426934,0.2722063037249284,0.3062992125984252,0.9572417303634616,0.7065217391304348,0.3268194718389812,3.793478260869565,2.141079636836316e+47,0.0666616402253817,0.2426838586437442,0.6256820152495359,0.1002844364543206,0.0333268098362098,0.3868194842406877,,,,,,,,,,,,,,,
monk3.csv,,target,554.0,7.0,6.0,554.0,6.0,2,0.51985559566787,True,,0.8702478583278954,0.2146498005504931,1.0,1.0,1.0,0.2524067388688327,0.0612226452111023,0.631768953068592,0.1642599277978339,0.8357400722021661,0.1083032490974729,0.1794223826714804,17.5,0.0631768953068592,0.4223826714801444,0.6010830324909747,0.3140794223826715,0.2630534670008354,0.988459383023368,0.5664335664335665,0.3126825796299302,3.874125874125874,,0.0982315917480117,0.1854933814681107,0.4317033666282337,0.1288681182321535,0.0290593791752376,0.1660649819494584,,,,,,,,,,,,,,,
monk1.csv,,target,556.0,7.0,6.0,556.0,6.0,2,0.5,True,,0.99146765103594,0.9051235608042824,1.0,1.0,1.0,0.2488009592326139,0.289568345323741,0.8471223021582733,0.2607913669064748,0.7392086330935251,0.3237410071942446,0.3715827338129503,80.5,0.289568345323741,0.5485611510791367,0.7338129496402878,0.3884892086330935,0.3237410071942446,0.9943875834584132,0.8777777777777778,0.3320028232607565,3.088888888888889,10.492043896586962,0.100881397700243,0.3527038369304555,0.5258019589238753,0.1279102144404931,0.0260301960716967,0.6420863309352518,,,,,,,,,,,,,,,
profb.csv,,target,672.0,10.0,9.0,672.0,9.0,2,0.6666666666666666,True,,0.9786672662601604,0.7097184580846876,0.5363956198937073,0.9910714285714286,0.9836309523809524,0.673776455026455,0.5379464285714286,0.8898809523809523,0.4151785714285714,0.5848214285714286,0.3333333333333333,0.4193452380952384,121.5,0.3616071428571428,0.5982142857142857,0.9985119047619048,0.4866071428571428,0.5379464285714286,0.9960494614512472,0.8913043478260869,0.4811020779101285,2.0869565217391304,1553590.8256870676,0.2040839653946206,0.4175496031746034,0.6140673956439109,0.1178536945610721,0.0298125637134076,0.4806547619047619,,,,,,,,,,,,,,,
monk2.csv,,target,601.0,7.0,6.0,601.0,6.0,2,0.6572379367720466,True,,0.9929767862164458,0.9187319483936331,1.0,1.0,1.0,0.2526344980587909,0.1617418799563302,0.6472545757071547,0.1064891846921797,0.8935108153078203,0.3727121464226289,0.2366056572379371,41.0,0.1364392678868552,0.3427620632279534,0.6672212978369384,0.1996672212978369,0.2343554135430748,0.9879097787658396,0.7,0.2376401506589636,5.008333333333334,781.3063545230365,0.0808180576665618,0.1900277315585136,0.3995940689360873,0.1229024506221445,0.0309482489784378,0.346089850249584,,,,,,,,,,,,,,,
Wisconsin_Breast_Cancer_without_ID.csv,,diagnosis,569.0,31.0,30.0,569.0,30.0,2,0.6274165202108963,True,,0.6099495132911941,0.0640197504598085,5.683096398096448e-11,0.4833040421792619,0.0,0.8410076157000586,0.0466514224484766,0.1353251318101933,0.047451669595782,0.952548330404218,0.0140597539543057,0.0513181019332161,9.5,0.0333919156414762,0.0720562390158172,0.9947275922671354,0.0650263620386643,0.0615453728661275,0.8894925577818206,0.5151515151515151,0.3579723050802896,17.242424242424242,1.7884477387532365e+32,0.1081448210460224,0.0478734622144112,0.3810039074094699,0.110143496430699,0.0352141592664112,0.0456942003514938,,,,,,,,,,,,,,,
parity5+5.csv,,target,1124.0,11.0,10.0,1124.0,10.0,2,0.5044483985765125,True,,0.999920369226887,0.9984132280256102,1.0,1.0,1.0,0.0,0.4766397824899456,0.9830960854092526,0.4101423487544484,0.5898576512455516,0.4386120996441281,0.4838078291814944,267.5,0.4759786476868327,0.6058718861209964,0.9110320284697508,0.9110320284697508,0.2277760362739417,0.9989520142855334,0.87890625,0.451171875,4.390625,0.9720030622463776,,0.4591725978647684,0.9187425860023728,0.0923121389925545,0.0370602156378693,0.7233096085409253,,,,,,,,,,,,,,,
xd6.csv,,target,973.0,10.0,9.0,973.0,9.0,2,0.6690647482014388,True,,0.91220960728646,0.2756784928685403,1.0,1.0,1.0,0.0,0.0166227266633897,0.5889003083247688,0.0071942446043165,0.9928057553956836,0.1613566289825282,0.1547790339157251,4.0,0.0082219938335046,0.263103802672148,0.526207605344296,0.3319630010277492,0.0655513257196286,0.9949003357877492,0.4202898550724637,0.0467186173603462,14.101449275362318,211.70455997304225,,0.108448098663926,0.5672696128811247,0.1074409276864464,0.0345980214895476,0.1767728674203494,,,,,,,,,,,,,,,
tic_tac_toe.csv,,target,958.0,10.0,9.0,958.0,9.0,2,0.6534446764091858,True,,0.9838992769129542,0.7737489808760188,1.0,1.0,1.0,0.34794711203897,0.2829919998817095,0.5563674321503131,0.2578288100208768,0.7421711899791231,0.2661795407098121,0.2359081419624221,78.0,0.162839248434238,0.3778705636743215,1.0,0.3872651356993737,0.2099821009276723,0.9962604765495268,0.8587570621468926,0.4944465393060764,5.4124293785310735,74.7066003424129,0.0382121742167926,0.2486951983298538,0.7854607303082457,0.1060053912645364,0.0354475640798541,0.1283924843423799,,,,,,,,,,,,,,,
mofn_3_7_10.csv,,target,1324.0,11.0,10.0,1324.0,10.0,2,0.7794561933534743,True,,0.8564536166844426,0.1279413087198207,1.0,1.0,1.0,0.0,0.2638441614397309,0.3904833836858006,0.0845921450151057,0.9154078549848944,0.1042296072507553,0.1490936555891241,60.0,0.0906344410876132,0.1918429003021148,0.7734138972809668,0.2288519637462235,0.039284007645747,0.9746391279743704,0.7894736842105263,0.2925351816886731,34.8421052631579,2129.5414927473626,,0.1287487411883182,0.7930513595166147,0.1051920395192946,0.0418732183688956,0.2122356495468278,,,,,,,,,,,,,,,
GAMETES_Epistasis_2_Way_20atts_0.4H_EDM_1_1.csv,,target,1600.0,21.0,20.0,1600.0,20.0,2,0.5,True,,0.9990632943602452,0.963536198510399,0.5,0.99875,0.99875,0.32421875,0.436875,0.89375,0.439375,0.560625,0.295,0.4588750000000006,349.5,0.436875,0.620625,0.994375,0.65625,0.38,0.9989328125,0.8453947368421053,0.4944277986059836,2.631578947368421,273383469491.47733,0.0776087302339078,0.4507749999999993,0.9525783489853654,0.1205005858273329,0.0319535490708098,0.468125,,,,,,,,,,,,,,,
clean1.csv,,target,476.0,169.0,168.0,476.0,168.0,2,0.5651260504201681,True,,0.9595829673617202,0.0012528025098937,0.0,0.0,0.0,0.9428396358543416,0.1038927289034249,0.430672268907563,0.0777310924369747,0.9222689075630252,0.1953781512605042,0.1668067226890757,28.0,0.1176470588235294,0.2016806722689075,1.0,0.1890756302521008,0.1795251692617136,0.9787797471929948,0.5977011494252874,0.3894689535158245,5.471264367816092,inf,,0.1250630252100839,0.9755114391675452,0.0978886165130183,0.0440853094901991,0.2373949579831932,,,,,,,,,,,,,,,
GAMETES_Epistasis_3_Way_20atts_0.2H_EDM_1_1.csv,,target,1600.0,21.0,20.0,1600.0,20.0,2,0.5,True,,0.9982386008960048,0.932013841430448,1.0,1.0,1.0,0.3114375,0.46875,0.9225,0.488125,0.511875,0.313125,0.4823750000000011,375.0,0.46875,0.690625,0.998125,0.706875,0.405,0.999039453125,0.8487654320987654,0.4989364951446149,2.469135802469136,45344917572.73845,0.0727233220624411,0.4814645833333328,0.9460146523931788,0.1134126047049451,0.031572047497628,0.479375,,,,,,,,,,,,,,,
tokyo1.csv,,target,959.0,45.0,44.0,959.0,44.0,2,0.6392075078206465,True,,0.7811861655380018,0.0662395080352667,0.0,0.64859228362878,0.0834202294056308,0.6632382216323822,0.0902950247554618,0.2262773722627737,0.0823774765380604,0.9176225234619396,0.1042752867570385,0.0946819603753911,35.0,0.072992700729927,0.1428571428571428,0.8592283628779979,0.1334723670490094,0.1343859913813425,0.8959704506236401,0.8666666666666667,0.2384925059151469,7.991666666666666,1.9404509847981672e+71,0.2094682613569525,0.0903475842891901,0.2712273803541472,0.108136941581372,0.035249340028442,0.0698644421272158,,,,,,,,,,,,,,,
GAMETES_Heterogeneity_20atts_1600_Het_0.4_0.2_75_EDM_2_001.csv,,target,1600.0,21.0,20.0,1600.0,20.0,2,0.5,True,,0.9988806392993966,0.9575840498515132,1.0,1.0,1.0,0.35771875,0.446875,0.89625,0.43875,0.56125,0.2975,0.462125000000001,357.5,0.446875,0.64375,0.999375,0.6775,0.408125,0.9989625,0.8468606431852986,0.4943404993811587,2.450229709035222,78418670524.6635,0.0730455694343685,0.4535812499999997,0.9692126870611182,0.1277456114881921,0.0326507028786798,0.480625,,,,,,,,,,,,,,,
clinical_breast_cancer_RFC_preprocessed.csv,,RFS_STATUS,1985.0,17.0,16.0,1985.0,16.0,2,0.5949622166246852,True,,0.980319013758886,0.7123086558085159,0.7143770909098671,0.995969773299748,0.9934508816120908,0.2152707808564231,0.4602187948192883,0.9093198992443324,0.4438287153652392,0.5561712846347607,0.416624685138539,0.4432241813602002,385.0,0.3879093198992443,0.6282115869017633,0.9994962216624684,0.5476070528967254,0.5615824349884784,0.9987432189786116,0.9350046425255338,0.4794645926976104,1.843082636954504,1.579113063052302e+46,0.2070313985698024,0.4431872376154488,0.6317628753766904,0.118946581681663,0.0270396280229613,0.4836272040302267,,,,,,,,,,,,,,,
GAMETES_Heterogeneity_20atts_1600_Het_0.4_0.2_50_EDM_2_001.csv,,target,1600.0,21.0,20.0,1600.0,20.0,2,0.5,True,,0.999299653283716,0.9718245567081456,0.5,0.99875,0.99875,0.301625,0.46875,0.89375,0.458125,0.541875,0.304375,0.4708750000000013,375.0,0.46875,0.664375,0.995,0.699375,0.389375,0.998990234375,0.8234349919743178,0.4949140918171817,2.568218298555377,51028993870.603134,0.0704040275808717,0.4672687499999998,0.9267303377003692,0.1128113223603546,0.031415399521857,0.455625,,,,,,,,,,,,,,,
GAMETES_Epistasis_2_Way_20atts_0.1H_EDM_1_1.csv,,target,1600.0,21.0,20.0,1600.0,20.0,2,0.5,True,,0.9990619115457504,0.964098385999106,1.0,1.0,1.0,0.35121875,0.463125,0.910625,0.463125,0.536875,0.26875,0.4750000000000011,370.5,0.463125,0.646875,0.999375,0.68625,0.420625,0.998988671875,0.8380386329866271,0.4969678970365047,2.37741456166419,25813126471.25225,0.0725687770242225,0.4677708333333329,0.970215672427678,0.1240694787798014,0.031706532699694,0.48625,,,,,,,,,,,,,,,
Hill_Valley_with_noise.csv,,target,1212.0,101.0,100.0,1212.0,100.0,2,0.5,True,,0.9982617705759708,0.5361981432837656,0.0010320521708739,0.9933993399339934,0.3077557755775577,0.996980198019802,0.4678217821782178,0.9793729372937292,0.3993399339933993,0.6006600660066007,0.4612211221122112,0.4849834983498348,283.5,0.4678217821782178,0.5544554455445545,1.0,0.5808580858085809,0.5750825082508251,0.9982586129900118,0.793400286944046,0.4874397641127913,1.7388809182209468,,0.1787428160554395,0.4576402640264025,0.4901847805133787,0.1399026370837654,0.0234351558297251,0.655940594059406,,,,,,,,,,,,,,,
Hill_Valley_without_noise.csv,,target,1212.0,101.0,100.0,1212.0,100.0,2,0.504950495049505,True,,0.9980582503786418,0.5291393831137708,0.0001591906586086,0.9942244224422442,0.3572607260726073,0.9971782178217822,0.4390299618197114,0.9455445544554456,0.3407590759075907,0.6592409240924092,0.462046204620462,0.4645214521452141,266.0,0.4389438943894389,0.5255775577557755,0.9991749174917492,0.5198019801980198,0.5148692810457516,0.9979849470095524,0.8221153846153846,0.4674091034719063,1.9423076923076923,,0.1831330491343582,0.4195544554455438,0.4418025968228275,0.1378217675272189,0.0236641672151646,0.5874587458745875,,,,,,,,,,,,,,,
hypothyroid.csv,,target,3163.0,26.0,25.0,3163.0,25.0,2,0.9522605121719886,True,,0.9525626769322056,0.169760091676839,0.0,0.7840657603540943,0.7189377173569396,0.219386658235852,0.6181977261597347,0.1046474865633892,0.0347771103382864,0.9652228896617135,0.0954789756560227,0.0453367056591843,54.5,0.0344609547897565,0.0723996206133417,0.9472020233955106,0.0825165981662978,0.3340094368662216,0.9721330324174884,0.764,0.1985638378991721,12.652,3.909220630231078e+36,0.1636158269198786,0.0419896722520813,0.2599780178935553,0.0711748284336187,0.0225947273762291,0.0297186215618084,,,,,,,,,,,,,,,
phoneme.csv,,target,5404.0,6.0,5.0,5404.0,5.0,2,0.7065136935603257,True,,0.8393113152769223,0.3863777721074887,0.2708091572837391,0.8776831976313841,0.865099925980755,0.9729459659511474,0.1824283860637407,0.346780162842339,0.0925240562546262,0.9074759437453738,0.2453737971872686,0.1495558845299768,311.5,0.1152849740932642,0.1998519615099926,0.9541080680977054,0.1659881569207994,0.196015489118049,0.980960555851109,0.8544018058690744,0.2121688505077206,6.099322799097066,41839748.572623335,0.2611121216152928,0.1259850727855909,0.1554127383503392,0.0898338287759631,0.0298801647582212,0.1587712805329385,,,,,,,,,,,,,,,
chess.csv,,target,3196.0,37.0,36.0,3196.0,36.0,2,0.522215269086358,True,,0.9569022976783704,0.1232919805944341,0.0,0.8172715894868585,0.5669586983729662,0.0219545264914476,0.0410519456060383,0.4177096370463078,0.0991864831038798,0.90081351689612,0.1354818523153942,0.1220275344180222,64.5,0.0403629536921151,0.1864831038798498,0.9968710888610764,0.3050688360450563,0.1218647528038349,0.9974015156617864,0.7216494845360825,0.4050034968645347,8.237113402061855,1.681509322623543e+34,0.0925925925925925,0.1092355027117229,0.9623498122653352,0.0943997425862127,0.0445330442068412,0.1314142678347934,,,,,,,,,,,,,,,
dis.csv,,target,3772.0,30.0,29.0,3772.0,29.0,2,0.9846235418875928,True,,0.968840763091936,0.4697561587199498,0.0,0.6585365853658537,0.4048250265111346,0.2018594361355907,0.950683426362787,0.0511664899257688,0.0209437963944856,0.9790562036055144,0.0615058324496288,0.0221102863202544,29.5,0.0156415694591728,0.0344644750795334,0.975609756097561,0.0540827147401908,0.4667195885094609,0.9723108347605676,0.873015873015873,0.2143862469506574,19.95767195767196,6.066634861083466e+46,0.2071855953816986,0.0218708024036762,0.2842974438887934,0.0695070777975349,0.0427789537878796,0.0084835630965005,,,,,,,,,,,,,,,
kr_vs_kp.csv,,target,3196.0,37.0,36.0,3196.0,36.0,2,0.522215269086358,True,,0.9569022976783704,0.1232919805944341,0.0,0.8172715894868585,0.5669586983729662,0.0219545264914476,0.0555364932620251,0.3958072590738423,0.1598873591989987,0.8401126408010012,0.1307884856070087,0.1230913642052562,82.5,0.0516270337922403,0.2881727158948686,0.9953066332916144,0.3053817271589487,0.1209381522057724,0.9974015156617864,0.7298701298701299,0.4050034968645344,8.301298701298702,1.7250125100696485e+34,0.0925925925925925,0.1286597830621614,0.9623811013767232,0.0943997425862126,0.0437941100502759,0.1323529411764706,,,,,,,,,,,,,,,
GAMETES_Epistasis_2_Way_1000atts_0.4H_EDM_1_EDM_1_1.csv,,target,,,,,,2,,,,0.998792844458084,0.1312084478336349,2.273736754432321e-13,0.9975,0.953125,0.335886875,,,,,,,,,,,,,,,,,,,,,0.0919033176455756,,,GAMETES_Epistasis_2_Way_1000atts_0.4H_EDM_1_EDM_1_1.csv,1.7.0,csv,impute_median,1600.0,1001.0,1600.0,1000.0,63.0,all,both,0.0,,,
agaricus_lepiota.csv,,target,,,,,,2,,,,0.8592711276052245,0.0797890108134878,0.0,0.7770411295273174,0.0039287906691221,0.4483676544450025,0.0,0.0012277470841006,0.0,1.0,0.0996930632289748,0.0003437691835481,0.0,0.0,0.0049109883364027,0.9809699201964396,0.003806015960712,0.0036980085110411,0.8977846965735004,0.6666666666666666,0.0843726032651477,271.5,7.331841048724429e+16,0.0437763305180555,0.0002283609576427,0.1546191340890885,0.0936578855778745,0.0308154025162409,0.0004910988336402,agaricus_lepiota.csv,1.7.0,csv,impute_median,8145.0,23.0,8145.0,22.0,63.0,all,both,0.0,1.0,1.0,True
allbp.csv,,target,,,,,,3,,,,0.9175929233812364,0.0636318373977755,0.0,0.3063316674053001,0.23769634317951,0.1206439463195231,,,,,,,,,,,,,,,,,,,,,0.0711494970275803,,,allbp.csv,1.7.0,csv,impute_median,3772.0,30.0,3772.0,29.0,63.0,all,both,0.0,,,
allhyper.csv,,target,,,,,,4,,,,0.9010899380058948,0.0475726985386695,0.0,0.4805448557838119,0.0051141415488574,0.0712363256186809,,,,,,,,,,,,,,,,,,,,,0.0702255638218248,,,allhyper.csv,1.7.0,csv,impute_median,3771.0,30.0,3771.0,29.0,63.0,all,both,0.0,,,
allhypo.csv,,target,,,,,,3,,,,0.9691104935854404,0.1906084087945323,0.0,1.6719290229580448,0.4413071116063217,0.1343882435440105,,,,,,,,,,,,,,,,,,,,,0.0717514935148405,,,allhypo.csv,1.7.0,csv,impute_median,3770.0,30.0,3770.0,29.0,63.0,all,both,0.0,,,
allrep.csv,,target,,,,,,4,,,,0.9380194369936686,0.0827474889647162,0.0,2.025929331525992,0.0662083149345764,0.0892739605806852,,,,,,,,,,,,,,,,,,,,,0.0702573698065488,,,allrep.csv,1.7.0,csv,impute_median,3772.0,30.0,3772.0,29.0,63.0,all,both,0.0,,,
analcatdata_authorship.csv,,target,,,,,,4,,,,0.7126949307321063,0.0114470387962782,2.8227912986977255e-13,0.5509909993014181,0.0,0.3843638525564803,,,,,,,,,,,,,,,,,,,,,0.1051734712491227,,,analcatdata_authorship.csv,1.7.0,csv,impute_median,841.0,71.0,841.0,70.0,63.0,all,both,0.0,,,
analcatdata_dmft.csv,,target,,,,,,6,,,,0.970628489560854,0.8064458574916409,1.0,3.0079018699872235,1.0,0.1487871183605185,,,,,,,,,,,,,,,,,,,,,0.1462508307014919,,,analcatdata_dmft.csv,1.7.0,csv,impute_median,797.0,5.0,797.0,4.0,63.0,all,both,0.0,,,
analcatdata_germangss.csv,,target,,,,,,4,,,,0.9543996834702576,0.6201690054785499,0.3247201812481582,1.731666666666667,0.8925,0.1855,,,,,,,,,,,,,,,,,,,,,0.1577417030390154,,,analcatdata_germangss.csv,1.7.0,csv,impute_median,400.0,6.0,400.0,5.0,63.0,all,both,0.0,,,
analcatdata_happiness.csv,,target,,,,,,3,,,,0.8738077345039833,0.3781567031017683,0.5053644185600613,1.075,0.725,0.4055555555555555,0.125,1.0,0.8833333333333333,0.1166666666666666,0.3333333333333333,0.6733333333333335,16.666666666666668,0.8333333333333334,0.9166666666666666,0.9666666666666668,0.8666666666666667,0.8666666666666666,0.9805555555555556,0.9807692307692308,0.6861917529786141,1.1538461538461535,,0.2599287503307728,0.7582777777777778,0.8293182539891695,0.135045255690849,0.0143147263911135,0.45,analcatdata_happiness.csv,1.7.0,csv,impute_median,60.0,4.0,60.0,3.0,63.0,all,both,0.0,,,
ann_thyroid.csv,,target,,,,,,3,,,,0.8934630562000969,0.0892999933539297,0.0,0.0457476726736225,0.0171690331138351,0.1271384479717813,0.3986175940830853,0.1979166666666666,0.075,0.925,0.0663888888888888,0.0842222222222219,144.0,0.06,0.1205555555555555,0.9673611111111112,0.1222222222222222,0.4070397348797216,0.993427912808642,0.8800475059382423,0.2276538484206274,8.551068883610451,1.8284784978708955e+45,0.1879728933482375,0.0800736111111111,0.1364415384508374,0.0694240511634255,0.0390300756059868,0.0356944444444444,ann_thyroid.csv,1.7.0,csv,impute_median,7200.0,22.0,7200.0,21.0,63.0,all,both,0.0,1.0,1.0,True
balance_scale.csv,,target,,,,,,3,,,,0.8342896750680668,0.2292528712902537,1.0,1.5980894191669412,1.0,0.4000000000000001,,,,,,,,,,,,,,,,,,,,,0.1112399552763949,,,balance_scale.csv,1.7.0,csv,impute_median,625.0,5.0,625.0,4.0,63.0,all,both,0.0,,,
calendarDOW.csv,,target,,,,,,5,,,,0.9283388129148684,0.1514667526204246,0.0091774921735289,2.284138038967612,0.4412517553452995,0.1712327694235589,,,,,,,,,,,,,,,,,,,,,0.1000917811139517,,,calendarDOW.csv,1.7.0,csv,impute_median,399.0,33.0,399.0,32.0,63.0,all,both,0.0,,,
car_evaluation.csv,,target,,,,,,4,,,,0.7717132695923121,0.1284041683358733,0.0648148148148148,1.556440939243659,0.1389316982263489,0.1044399434156378,,,,,,,,,,,,,,,,,,,,,0.0860154346561394,,,car_evaluation.csv,1.7.0,csv,impute_median,1728.0,7.0,1728.0,6.0,63.0,all,both,0.0,,,
cars.csv,,target,,,,,,3,,,,0.7037753786617978,0.2396597854005076,0.0351138347756882,0.8835411338834432,0.2146482819057493,0.4388818027210884,,,,,,,,,,,,,,,,,,,,,0.1037272385473118,,,cars.csv,1.7.0,csv,impute_median,392.0,9.0,392.0,8.0,63.0,all,both,0.0,,,
churn.csv,,target,,,,,,2,,,,0.962455700678568,0.3491045393750653,0.1190387393849001,0.9942,0.9696,0.82302,0.6326262456134801,0.3594,0.1408,0.8592,0.1224,0.1515599999999994,295.0,0.118,0.2164,0.9998,0.219,0.4155177122983338,0.99635892,0.7598870056497176,0.4409610251808696,4.708097928436912,1.4900488323945786e+16,0.1190593838759532,0.1467853333333333,0.4919264470103985,0.0816984221136979,0.0403396730871306,0.112,churn.csv,1.7.0,csv,impute_median,5000.0,21.0,5000.0,20.0,63.0,all,both,0.0,1.0,1.0,True
clean2.csv,,target,,,,,,2,,,,0.9379116366274304,0.0077052883221818,0.0,0.0,0.0,0.963758859105934,0.08122633061211,0.1124583207032434,0.0247044558957259,0.975295544104274,0.242800848742043,0.0370718399515005,73.0,0.0221279175507729,0.0619884813579872,0.9936344346771748,0.0774477114277053,0.0979050462157654,0.9900773664408764,0.6652719665271967,0.2563298839783769,13.803347280334728,inf,0.0319798147179099,0.0312422956451449,0.6801455813168656,0.0894063817523199,0.0400917648588766,0.0392543194907547,clean2.csv,1.7.0,csv,impute_median,6598.0,169.0,6598.0,168.0,63.0,all,both,0.0,1.0,1.0,True
cloud.csv,,target,,,,,,4,,,,0.9473412388617553,0.4593857371556358,0.2024529828585969,1.4697649572649574,0.3079059829059829,0.3888888888888888,0.1032318376068375,1.0,0.6759259259259259,0.324074074074074,0.5555555555555556,0.7740740740740742,26.0,0.9629629629629628,0.8888888888888888,0.9814814814814816,0.7870370370370371,0.78125,0.987568587105624,0.9882352941176472,0.5834597232242412,1.2705882352941176,6395446.857787808,0.2485363488030084,0.7421604938271604,0.79779920870283,0.1471115367914165,0.0143393665195704,0.2962962962962963,cloud.csv,1.7.0,csv,impute_median,108.0,8.0,108.0,7.0,63.0,all,both,0.0,,,
confidence.csv,,target,,,,,,6,,,,0.164718814607361,0.0339348101697353,0.0063918489474614,0.0638888888888889,0.0111111111111111,0.0450617283950617,0.025,0.375,0.1805555555555555,0.8194444444444444,0.0416666666666666,0.1722222222222222,1.5,0.125,0.3333333333333333,0.9861111111111112,0.1944444444444444,0.1944444444444444,0.9010416666666666,1.0,0.2839490686964831,5.142857142857143,94.8513813464911,,0.183287037037037,0.2244700256886839,0.0997723337121292,0.0208326401993853,0.1388888888888889,confidence.csv,1.7.0,csv,impute_median,72.0,4.0,72.0,3.0,63.0,all,both,0.0,,,
lymphography.csv,,target,,,,,,4,,,,0.6119844306063075,0.0543408720841845,0.0408163265306122,0.1802413273001508,0.1525821596244131,0.0476101101101101,0.2332679318280139,0.6013513513513513,0.2567567567567567,0.7432432432432432,0.1216216216216216,0.2689189189189189,7.5,0.2027027027027027,0.3716216216216216,1.0,0.3108108108108108,0.534077109896782,0.962381300219138,0.8333333333333334,0.4328132792029672,3.083333333333333,12193454222098.186,,0.256599099099099,0.888359296996853,0.1077570912966349,0.0419740373991777,0.2567567567567567,lymphography.csv,1.7.0,csv,impute_median,148.0,19.0,148.0,18.0,63.0,all,both,0.0,,,
iris.csv,,target,,,,,,3,,,,0.2805579465847463,0.0267731900864148,0.0063817649638066,0.1233333333333333,0.0433333333333333,0.2544444444444445,0.0233333333333333,0.14,0.0466666666666666,0.9533333333333334,0.0066666666666666,0.0586666666666666,2.333333333333333,0.0466666666666666,0.1,0.9133333333333332,0.0866666666666666,0.08,0.8178666666666666,0.75,0.1749014451760003,12.5,76.79545435794144,0.0145154489870381,0.0531777777777777,0.1385355602559765,0.1046913308185683,0.0250037870291764,0.04,iris.csv,1.7.0,csv,impute_median,150.0,5.0,150.0,4.0,63.0,all,both,0.0,,,
tae.csv,,target,,,,,,3,,,,0.926807136241958,0.5282844464602532,0.5640224572771743,1.357834803088152,0.8571729721991806,0.3554083885209713,0.2072223731130462,0.9801324503311258,0.3509933774834437,0.6490066225165563,0.5033112582781457,0.5403973509933775,27.33333333333333,0.543046357615894,0.7019867549668874,0.6754966887417219,0.5496688741721855,0.4968393511250653,0.9854392351212666,0.96,0.4120062620803104,2.013333333333333,,0.1685591664955436,0.4650331125827814,0.5116682292877934,0.1104578141036745,0.0168705740121238,0.4370860927152318,tae.csv,1.7.0,csv,impute_median,151.0,6.0,151.0,5.0,63.0,all,both,0.0,,,
hayes_roth.csv,,target,,,,,,3,,,,0.8270779887914825,0.3131168596831313,0.5308641975308642,1.4060511015911874,0.3333333333333333,0.2692708333333333,0.1684973263390071,0.98125,0.275,0.725,0.33125,0.50125,24.666666666666668,0.4625,0.7375,0.4375,0.53125,0.3000568651778329,0.9854296875,1.0,0.3291201386498731,3.72093023255814,,0.1936214178101218,0.3798333333333333,0.4574698757053546,0.1478837356327569,0.019273911549638,0.56875,hayes_roth.csv,1.7.0,csv,impute_median,160.0,5.0,160.0,4.0,63.0,all,both,0.0,,,
flags.csv,,target,,,,,,5,,,,0.9264551756829096,0.0958764511782435,0.0,2.218730000236343,0.3211239337651119,0.0150770838777109,0.0758704944804032,0.9269662921348316,0.6292134831460674,0.3707865168539326,0.2359550561797752,0.6235955056179776,24.8,0.6966292134831461,0.7696629213483146,0.904494382022472,0.702247191011236,0.697962962962963,0.9878171947986364,0.9416666666666668,0.5191491434354859,1.4833333333333334,,0.1493600130004827,0.6141385767790262,0.9284050231328472,0.1042468861499055,0.0300339270520093,0.3370786516853932,flags.csv,1.7.0,csv,impute_median,178.0,44.0,178.0,43.0,63.0,all,both,0.0,,,
new_thyroid.csv,,target,,,,,,3,,,,0.4388320241817213,0.0498113296677483,0.0005063364329404,0.1349849849849849,0.0,0.3544186046511628,0.0965436865436865,0.1441860465116279,0.027906976744186,0.972093023255814,0.0232558139534883,0.0688372093023255,4.333333333333333,0.0604651162790697,0.1023255813953488,0.9627906976744186,0.055813953488372,0.0768253968253968,0.7702974580854516,0.75,0.2368219039064832,17.916666666666668,94189.4313241716,0.1745469643539046,0.0533023255813953,0.1324728553662838,0.0941763104731535,0.0350542649910761,0.0837209302325581,new_thyroid.csv,1.7.0,csv,impute_median,215.0,6.0,215.0,5.0,63.0,all,both,0.0,,,
ecoli.csv,,target,,,,,,5,,,,0.632247457137,0.0673750408571149,0.0,0.9142507092855586,0.1307163088849135,0.1872870249017038,,,,,,,,,,,,,,,,,,,,,0.116321422022939,,,ecoli.csv,1.7.0,csv,impute_median,327.0,8.0,327.0,7.0,63.0,all,both,0.0,,,
penguins.csv,,target,,,,,,3,,,,0.634938862659158,0.0234524617287227,0.0,0.1848703932287074,0.0,0.2122122122122122,,,,,,,,,,,,,,,,,,,,,0.1037523184615366,,,penguins.csv,1.7.0,csv,impute_median,333.0,8.0,333.0,7.0,63.0,all,both,0.0,,,
schizo.csv,,target,,,,,,3,,,,0.9274829401079396,0.5678652884654928,0.6941876888883306,1.55008969923298,0.8598313497511697,0.4441176470588235,,,,,,,,,,,,,,,,,,,,,0.1152051931701206,,,schizo.csv,1.7.0,csv,impute_median,340.0,15.0,340.0,14.0,63.0,all,both,0.0,,,
movement_libras.csv,,target,,,,,,15,,,,0.6910981822254831,0.0074924730225355,8.89640114701215e-13,1.173809523809524,0.0,0.0934979423868312,,,,,,,,,,,,,,,,,,,,,0.0929692038167204,,,movement_libras.csv,1.7.0,csv,impute_median,360.0,91.0,360.0,90.0,63.0,all,both,0.0,,,
dermatology.csv,,target,,,,,,6,,,,0.7228774323953964,0.0117409345262084,0.0,0.1797918116492974,0.0248484848484848,0.0615021965070181,,,,,,,,,,,,,,,,,,,,,0.1014037121457171,,,dermatology.csv,1.7.0,csv,impute_median,366.0,35.0,366.0,34.0,63.0,all,both,0.0,,,
collins.csv,,target,,,,,,13,,,,0.6986257439043757,0.0113627471840305,0.0,0.0,0.0,0.0984311967727476,,,,,,,,,,,,,,,,,,,,,0.1067472982686422,,,collins.csv,1.7.0,csv,impute_median,485.0,24.0,485.0,23.0,63.0,all,both,0.0,,,
soybean.csv,,target,,,,,,18,,,,0.7699723737546389,0.014954274434368,0.0,0.0822472660949035,0.0065180899317832,0.007815195213888,,,,,,,,,,,,,,,,,,,,,0.101031040004753,,,soybean.csv,1.7.0,csv,impute_median,675.0,36.0,675.0,35.0,63.0,all,both,0.0,,,
vehicle.csv,,target,,,,,,4,,,,0.8527090196442485,0.1172347644757009,0.0281721021817492,1.2948828482821133,0.2061684388018685,0.4421569915068732,,,,,,,,,,,,,,,,,,,,,0.1126704080279431,,,vehicle.csv,1.7.0,csv,impute_median,846.0,19.0,846.0,18.0,63.0,all,both,0.0,,,
vowel.csv,,target,,,,,,11,,,,0.8388680325785086,0.0577983783908865,0.0227727261586717,1.9905050505050503,0.0125252525252525,0.1288041251677615,,,,,,,,,,,,,,,,,,,,,0.0963870096846294,,,vowel.csv,1.7.0,csv,impute_median,990.0,14.0,990.0,13.0,63.0,all,both,0.0,,,
yeast.csv,,target,,,,,,9,,,,0.7992162932719427,0.1559292831210688,0.0,4.632515516006325,0.3839496847109312,0.1324421531064533,,,,,,,,,,,,,,,,,,,,,0.0946817941109627,,,yeast.csv,1.7.0,csv,impute_median,1479.0,9.0,1479.0,8.0,63.0,all,both,0.0,,,
wine_quality_red.csv,,target,,,,,,6,,,,0.8581758181264718,0.2260274113824195,0.0207586637967824,5.176142576781747,0.3620506732657464,0.3034586010195766,,,,,,,,,,,,,,,,,,,,,0.0866832146989459,,,wine_quality_red.csv,1.7.0,csv,impute_median,1599.0,12.0,1599.0,11.0,63.0,all,both,0.0,,,
mfeat_morphological.csv,,target,,,,,,10,,,,0.3935138581643936,0.0636615286409899,0.0172370867954896,1.4962777777777776,0.2032222222222222,0.0781722222222222,,,,,,,,,,,,,,,,,,,,,0.1221798246768929,,,mfeat_morphological.csv,1.7.0,csv,impute_median,2000.0,7.0,2000.0,6.0,63.0,all,both,0.0,,,
mfeat_zernike.csv,,target,,,,,,10,,,,0.7178874159126765,0.0399279398707775,0.0052880593903338,2.7150000000000003,0.0127222222222222,0.1824044917257684,,,,,,,,,,,,,,,,,,,,,0.0931456519409569,,,mfeat_zernike.csv,1.7.0,csv,impute_median,2000.0,48.0,2000.0,47.0,63.0,all,both,0.0,,,
mfeat_karhunen.csv,,target,,,,,,10,,,,0.7992722431941679,0.0120772899382485,2.73428287169309e-08,2.423166666666667,0.0,0.1889232638888888,,,,,,,,,,,,,,,,,,,,,0.0919033176455756,,,mfeat_karhunen.csv,1.7.0,csv,impute_median,2000.0,65.0,2000.0,64.0,63.0,all,both,0.0,,,
mfeat_fourier.csv,,target,,,,,,10,,,,0.7987531913530742,0.0235588919208445,5.052477171302783e-06,2.171833333333333,0.0,0.1865048245614035,,,,,,,,,,,,,,,,,,,,,0.0920105090733781,,,mfeat_fourier.csv,1.7.0,csv,impute_median,2000.0,77.0,2000.0,76.0,63.0,all,both,0.0,,,
mfeat_factors.csv,,target,,,,,,10,,,,0.6215688115999931,0.0019690356361164,9.496172542333212e-26,1.3390555555555557,0.0,0.1686725308641975,,,,,,,,,,,,,,,,,,,,,0.0919033176455756,,,mfeat_factors.csv,1.7.0,csv,impute_median,2000.0,217.0,2000.0,216.0,63.0,all,both,0.0,,,
mfeat_pixel.csv,,target,,,,,,10,,,,0.7197083143395718,0.0039542943022323,0.0451388888888888,2.4724444444444447,0.0758333333333333,0.0379850925925925,,,,,,,,,,,,,,,,,,,,,0.0919033176455756,,,mfeat_pixel.csv,1.7.0,csv,impute_median,2000.0,241.0,2000.0,240.0,63.0,all,both,0.0,,,
segmentation.csv,,target,,,,,,7,,,,0.6165142934792359,0.0218113434245797,0.0,0.3730880230880231,0.0222222222222222,0.1506048671462205,,,,,,,,,,,,,,,,,,,,,0.0992223276352715,,,segmentation.csv,1.7.0,csv,impute_median,2310.0,20.0,2310.0,19.0,63.0,all,both,0.0,,,
dna.csv,,target,,,,,,3,,,,0.9588318849648254,0.048360622901145,0.3333333333333333,1.3595151174139468,0.8956561728335147,0.0,,,,,,,,,,,,,,,,,,,,,0.1047149806814549,,,dna.csv,1.7.0,csv,impute_median,3186.0,181.0,3186.0,180.0,63.0,all,both,0.0,,,
splice.csv,,target,,,,,,3,,,,0.9655311120260271,0.1513117828731217,0.4166666666666667,1.127012896863054,0.7250381687380094,0.3472274501603234,,,,,,,,,,,,,,,,,,,,,0.1047142777431338,,,splice.csv,1.7.0,csv,impute_median,3188.0,61.0,3188.0,60.0,63.0,all,both,0.0,,,
led7.csv,,target,,,,,,10,,,,0.6763202739703945,0.0600332881649443,1.0,5.009053808911978,1.0,0.0,,,,,,,,,,,,,,,,,,,,,0.0931597925559649,,,led7.csv,1.7.0,csv,impute_median,3200.0,8.0,3200.0,7.0,63.0,all,both,0.0,,,
led24.csv,,target,,,,,,10,,,,0.9033030496393092,0.0567068276036372,1.0,5.003808390914296,1.0,0.0,,,,,,,,,,,,,,,,,,,,,0.0925343534382033,,,led24.csv,1.7.0,csv,impute_median,3200.0,25.0,3200.0,24.0,63.0,all,both,0.0,,,
spambase.csv,,target,,,,,,2,,,,0.9361136421884112,0.1580677610652399,2.533148112583116e-33,0.9087154966311672,0.6153010215170616,0.2133861059952642,,,,,,,,,,,,,,,,,,,,,0.1002038954494077,,,spambase.csv,1.7.0,csv,impute_median,4601.0,58.0,4601.0,57.0,63.0,all,both,0.0,,,
wine_quality_white.csv,,target,,,,,,7,,,,0.8874777439218554,0.2734854081816253,0.0204913473427761,7.0345589419341605,0.4872612067482865,0.2562173093002002,,,,,,,,,,,,,,,,,,,,,0.0804504808695822,,,wine_quality_white.csv,1.7.0,csv,impute_median,4898.0,12.0,4898.0,11.0,63.0,all,both,0.0,,,
waveform_21.csv,,target,,,,,,3,,,,0.7123615490525036,0.1015980739151282,0.0022018764651511,1.200891390902428,0.5323164909067257,0.6360984126984127,0.0896858647940836,0.549,0.2262,0.7738,0.0708,0.2329599999999987,299.0,0.1794,0.3202,1.0,0.3166,0.3088852968218981,0.99680608,0.697538860103627,0.4706489720063902,3.238341968911917,3468653171.543944,0.0706023597594207,0.2306419999999999,0.5517894963388488,0.0962642232761563,0.0393425210252506,0.2662,waveform_21.csv,1.7.0,csv,impute_median,5000.0,22.0,5000.0,21.0,63.0,all,both,0.0,1.0,1.0,True
waveform_40.csv,,target,,,,,,3,,,,0.8491368986659806,0.0993398874125627,0.00049843624267,1.106645018740969,0.4817246495849288,0.648475,0.0990105519723461,0.6854,0.2652,0.7348,0.0388,0.2774799999999977,334.0,0.2004,0.3706,1.0,0.4348,0.4232723271582477,0.9987582,0.6424185167690127,0.4873023790956171,2.3618327822390173,1.2367660187533142e+16,0.0307728141966032,0.270732666666667,0.8465494295915161,0.0922529116001466,0.0428276846266385,0.348,waveform_40.csv,1.7.0,csv,impute_median,5000.0,41.0,5000.0,40.0,63.0,all,both,0.0,1.0,1.0,True
page_blocks.csv,,target,,,,,,5,,,,0.7287699635952383,0.0627037558878667,0.0002945820040742,2.843691043028731,0.213891781185949,0.315810341677325,0.1298139840112908,0.116206833546501,0.0391010414763383,0.9608989585236616,0.0456787867714233,0.0533893659784396,47.4,0.0433034898593093,0.0725379133930202,0.7909738717339667,0.0687008953042207,0.2895912900959754,0.9467708678275082,0.8674698795180723,0.1584770453947687,16.484939759036145,,0.2862735763279456,0.0471874048358609,0.0700242045025347,0.0706593299617386,0.0373998910038503,0.0365430294171386,page_blocks.csv,1.7.0,csv,impute_median,5473.0,11.0,5473.0,10.0,63.0,all,both,0.0,1.0,1.0,True
texture.csv,,target,,,,,,11,,,,0.4284901594554003,0.0064453706541982,9.169188185930406e-08,0.6251818181818182,0.0,0.1090568595041322,0.001290909090909,0.0585454545454545,0.0089090909090909,0.9910909090909092,0.0165454545454545,0.0218181818181818,7.818181818181818,0.0156363636363636,0.0258181818181818,0.96,0.0574545454545454,0.0523636363636363,0.9732357024793388,0.625,0.2615895030149135,19.09722222222222,1.2663567589933562e+53,0.0783586890053952,0.0154333333333333,0.1478193154453625,0.1034411182348967,0.0270978255356408,0.0201818181818181,texture.csv,1.7.0,csv,impute_median,5500.0,41.0,5500.0,40.0,63.0,all,both,0.0,1.0,1.0,True
optdigits.csv,,target,,,,,,10,,,,0.77396810160153,0.0140112642239357,0.0,3.2267534785079723,0.0923341535251686,0.0804245131474891,0.0012938999209474,0.0480427046263345,0.0124555160142348,0.9875444839857652,0.0119217081850533,0.0191459074733096,7.3,0.0129893238434163,0.0282918149466192,0.9998220640569396,0.0615658362989323,0.05604772418234,0.9766309633869884,0.6,0.3556585208165574,17.841269841269842,1.1674946167006323e+50,,0.0159644128113879,0.9310777775663516,0.0920795268970026,0.0457827726536657,0.0163701067615658,optdigits.csv,1.7.0,csv,impute_median,5620.0,65.0,5620.0,64.0,63.0,all,both,0.0,1.0,1.0,True
coil2000.csv,,target,,,,,,2,,,,0.9787289650448824,0.4556277937989675,0.0,0.9913459580533496,0.938810832824272,0.4074969755770359,0.9246659566817088,0.2636937487273468,0.1022195072286703,0.8977804927713297,0.084504174302586,0.1026267562614524,317.0,0.0645489716961922,0.1518020769700672,0.8209122378334351,0.1952759112197108,0.5000933060571706,0.9971443952403692,0.8611967921036398,0.3171395568333101,6.059222702035781,,0.1670324630058436,0.1026827530034617,0.5583543867204933,0.0723213196951049,0.0408090049189916,0.0445937690897984,coil2000.csv,1.7.0,csv,impute_median,9822.0,86.0,9822.0,85.0,63.0,all,both,0.0,1.0,1.0,True
satimage.csv,,target,,,,,,6,,,,0.43956932967851475,0.05942296676346071,2.5031832173239197e-05,1.4888520589520027,0.15086517216869927,0.2815088203977093,0.022400064242943277,0.24988344988344988,0.09463869463869463,0.9053613053613053,0.10178710178710179,0.11344211344211341,101.5,0.09463869463869463,0.15773115773115773,0.9961149961149961,0.14296814296814297,0.15382609271360367,0.9778756786682195,0.7745208568207441,0.3545760397942472,7.254791431792559,3.1136913388302307e+42,0.03847226685958685,0.10578865578865583,0.32171105775592007,0.10540087126448593,0.033046043485576264,0.1066045066045066,satimage.csv,1.7.0,csv,impute_median,6435.0,37.0,6435.0,36.0,63.0,all,both,0.0,1.0,1.0,True
